,Height,Weight,Age,Grip strength,Frailty
0,65.8,112.0,30,30,N
1,71.5,136.0,19,31,N
2,69.4,153.0,45,29,N
3,67.6,133.1818181818182,34,27,Y
4,68.2,142.0,22,28,Y
5,67.8,144.0,29,24,Y
6,68.7,123.0,50,26,N
7,69.8,141.0,51,22,Y
8,70.1,136.0,23,20,Y
9,67.9,112.0,17,19,N
10,68.5090909090909,146.0,26,23,Y
11,66.8,120.0,39,31,N
